Sample,Season,Region
1_1,Summer,North
1_2,Summer,North
1_3,Summer,North
1_4,Summer,North
1_5,Summer,North
1_6,Summer,North
1_7,Summer,North
1_8,Summer,North
1_9,Summer,North
10_1,Summer,North
10_3,Summer,Center
10_5,Summer,Center
10_6,Summer,Center
10_7,Summer,Center
10_8,Summer,Center
10_9,Summer,Center
11_1,Summer,South
11_2,Summer,South
11_3,Summer,South
11_4,Summer,South
11_5,Summer,South
11_6,Summer,South
11_8,Summer,South
11_9,Summer,South
12_1,Summer,South
12_2,Summer,South
12_3,Summer,North
12_4,Summer,North
12_5,Summer,North
12_6,Summer,South
12_7,Summer,South
12_8,Summer,North
2_1,Summer,North
2_3,Summer,North
2_4,Summer,North
2_5,Summer,North
2_6,Summer,North
2_7,Summer,North
2_8,Summer,North
2_9,Summer,North
3_1,Summer,North
3_2,Summer,West
3_4,Summer,West
3_6,Summer,West
3_7,Summer,West
3_8,Summer,West
3_9,Summer,North
4_1,Summer,West
4_2,Summer,West
4_3,Summer,North
4_4,Summer,West
4_5,Summer,West
4_6,Summer,West
4_8,Summer,West
4_9,Summer,West
5_1,Summer,South
5_2,Summer,South
5_3,Summer,South
5_4,Summer,Center
5_5,Summer,Center
5_6,Summer,North
5_7,Summer,South
5_8,Summer,North
5_9,Summer,North
6_1,Summer,Center
6_2,Summer,North
6_3,Summer,West
6_4,Summer,West
6_5,Summer,Center
6_6,Summer,South
6_7,Summer,South
6_8,Summer,West
7_1,Summer,Center
7_2,Summer,Center
7_3,Summer,Center
7_4,Summer,West
7_5,Summer,Center
7_6,Summer,Center
7_7,Summer,Center
7_8,Summer,West
7_9,Summer,South
8_1,Summer,Center
8_2,Summer,Center
8_3,Summer,West
8_4,Summer,South
8_6,Summer,Center
8_7,Summer,Center
8_8,Summer,Center
8_9,Summer,South
9_1,Summer,South
9_2,Summer,South
9_3,Summer,South
9_4,Summer,South
9_5,Summer,South
9_6,Summer,Center
9_7,Summer,South
9_8,Summer,Center
9_9,Summer,Center
A1_1,Spring,North
A1_2,Spring,North
A1_3,Spring,North
A1_4,Spring,North
A1_5,Spring,North
A1_6,Spring,North
A1_7,Spring,North
A1_8,Spring,North
A10_1,Spring,South
A10_2,Spring,Center
A10_3,Spring,West
A10_4,Spring,West
A10_5,Spring,Center
A10_6,Spring,Center
A10_7,Spring,North
A10_8,Spring,Center
A10_9,Spring,Center
A11_3,Spring,South
A11_4,Spring,South
A11_8,Spring,South
A12_1,Spring,Center
A12_2,Spring,South
A12_3,Spring,South
A12_4,Spring,South
A12_5,Spring,South
A12_6,Spring,South
A12_7,Spring,Center
A12_8,Spring,South
A2_1,Spring,North
A2_2,Spring,North
A2_3,Spring,North
A2_4,Spring,North
A2_5,Spring,North
A2_6,Spring,North
A2_7,Spring,North
A2_8,Spring,North
A3_1,Spring,North
A3_10,Spring,West
A3_2,Spring,North
A3_3,Spring,North
A3_4,Spring,West
A3_5,Spring,West
A3_6,Spring,West
A3_7,Spring,West
A3_8,Spring,West
A4_1,Spring,Center
A4_10,Spring,West
A4_2,Spring,West
A4_3,Spring,North
A4_4,Spring,Center
A4_5,Spring,West
A4_6,Spring,North
A4_7,Spring,North
A4_8,Spring,Center
A4_9,Spring,Center
A5_1,Spring,West
A5_2,Spring,West
A5_3,Spring,South
A5_4,Spring,West
A5_5,Spring,South
A5_6,Spring,South
A5_7,Spring,Center
A5_8,Spring,South
A5_9,Spring,North
A6_1,Spring,Center
A6_2,Spring,Center
A6_3,Spring,Center
A6_4,Spring,North
A6_5,Spring,West
A6_6,Spring,North
A6_7,Spring,North
A6_8,Spring,West
A6_9,Spring,Center
A6_91,Spring,North
A7_1,Spring,Center
A7_2,Spring,Center
A7_3,Spring,Center
A7_4,Spring,Center
A7_5,Spring,Center
A7_6,Spring,Center
A7_7,Spring,West
A7_8,Spring,Center
A7_9,Spring,Center
A8_1,Spring,South
A8_2,Spring,South
A8_3,Spring,South
A8_4,Spring,South
A8_5,Spring,South
A8_6,Spring,South
A8_7,Spring,South
A8_8,Spring,North
A8_9,Spring,South
A9_1,Spring,South
A9_2,Spring,North
A9_3,Spring,South
A9_4,Spring,South
A9_5,Spring,West
A9_6,Spring,South
Z_1,Summer,West
Z_10,Summer,North
Z_11,Summer,North
Z_12,Summer,Center
Z_13,Summer,West
Z_14,Summer,South
Z_15,Summer,North
Z_17,Summer,North
Z_18,Summer,North
Z_19,Summer,Center
Z_21,Summer,North
Z_22,Summer,South
Z_23,Summer,South
Z_24,Summer,South
Z_4,Summer,South
Z_5,Summer,West
Z_6,Summer,Center
Z_8,Summer,Center
Z_A1,Spring,West
Z_A10,Spring,South
Z_A11,Spring,North
Z_A12,Spring,Center
Z_A13,Spring,North
Z_A14,Spring,North
Z_A15,Spring,North
Z_A16,Spring,North
Z_A2,Spring,Center
Z_A23,Spring,West
Z_A24,Spring,Center
Z_A3,Spring,South
Z_A4,Spring,South
Z_A5,Spring,South
Z_A6,Spring,Center
Z_A7,Spring,South
Z_A8,Spring,South
Z_A9,Spring,West
