﻿Samples, Latitude, Longitude,Season,Regions
1_1,31.3820 ,120.0038 ,Summer,North
1_2,31.4066 ,120.0353 ,Summer,North
1_3,31.4301 ,120.0518 ,Summer,North
1_4,31.4547 ,120.0436 ,Summer,North
1_5,31.3808 ,120.0464 ,Summer,North
1_6,31.3398 ,120.0591 ,Summer,North
1_7,31.3808 ,120.1040 ,Summer,North
1_8,31.4019 ,120.1369 ,Summer,North
1_9,31.4371 ,120.1397 ,Summer,North
10_1,31.4076 ,120.1963 ,Summer,North
10_3,31.1825 ,120.1492 ,Summer,Center
10_5,31.2295 ,120.1204 ,Summer,Center
10_6,31.2271 ,120.1053 ,Summer,Center
10_7,31.2154 ,120.0847 ,Summer,Center
10_8,31.2013 ,120.1259 ,Summer,Center
10_9,31.1519 ,120.1382 ,Summer,Center
11_1,31.0132 ,120.0587 ,Summer,South
11_2,31.0673 ,120.0999 ,Summer,South
11_3,31.0438 ,120.1273 ,Summer,South
11_4,30.9496 ,120.1388 ,Summer,South
11_5,31.0673 ,120.1218 ,Summer,South
11_6,30.9990 ,120.0971 ,Summer,South
11_8,31.0390 ,120.0697 ,Summer,South
11_9,31.0155 ,120.1493 ,Summer,South
12_1,30.9614 ,120.1877 ,Summer,South
12_2,30.9590 ,120.1603 ,Summer,South
12_3,31.4309 ,120.1698 ,Summer,North
12_4,31.4415 ,120.1547 ,Summer,North
12_5,31.4621 ,120.1630 ,Summer,North
12_6,31.0072 ,120.1805 ,Summer,South
12_7,31.0058 ,120.1684 ,Summer,South
12_8,31.4709 ,120.1781 ,Summer,North
2_1,31.5085 ,120.1644 ,Summer,North
2_3,31.4945 ,120.1595 ,Summer,North
2_4,31.4348 ,120.1740 ,Summer,North
2_5,31.5261 ,120.1781 ,Summer,North
2_6,31.4137 ,120.1850 ,Summer,North
2_7,31.3621 ,120.1575 ,Summer,North
2_8,31.3785 ,120.1822 ,Summer,North
2_9,31.3785 ,120.0354 ,Summer,North
3_1,31.3961 ,120.0320 ,Summer,North
3_2,31.2576 ,119.9561 ,Summer,West
3_4,31.1519 ,119.9612 ,Summer,West
3_6,31.1754 ,119.9804 ,Summer,West
3_7,31.1825 ,119.9475 ,Summer,West
3_8,31.2177 ,119.9351 ,Summer,West
3_9,31.3281 ,120.0601 ,Summer,North
4_1,31.2318 ,119.9172 ,Summer,West
4_2,31.2600 ,119.9131 ,Summer,West
4_3,31.3210 ,119.9515 ,Summer,North
4_4,31.2952 ,119.9543 ,Summer,West
4_5,31.2506 ,119.9997 ,Summer,West
4_6,31.2483 ,119.9323 ,Summer,West
4_8,31.2342 ,119.9557 ,Summer,West
4_9,31.2130 ,119.9997 ,Summer,West
5_1,31.0090 ,120.1091 ,Summer,South
5_2,31.0210 ,120.0907 ,Summer,South
5_3,31.0131 ,120.1689 ,Summer,South
5_4,31.2318 ,120.0299 ,Summer,Center
5_5,31.2940 ,120.0930 ,Summer,Center
5_6,31.3175 ,120.1177 ,Summer,North
5_7,31.0032 ,120.1917 ,Summer,South
5_8,31.3023 ,119.9762 ,Summer,North
5_9,31.3257 ,119.9790 ,Summer,North
6_1,31.2917 ,120.1424 ,Summer,Center
6_2,31.2987 ,120.1781 ,Summer,North
6_3,31.2847 ,119.9515 ,Summer,West
6_4,31.2987 ,119.9740 ,Summer,West
6_5,31.2800 ,120.1836 ,Summer,Center
6_6,31.0908 ,119.9901 ,Summer,South
6_7,31.0790 ,120.0175 ,Summer,South
6_8,31.2483 ,119.9781 ,Summer,West
7_1,31.2847 ,120.0738 ,Summer,Center
7_2,31.2518 ,120.1177 ,Summer,Center
7_3,31.2659 ,120.1864 ,Summer,Center
7_4,31.2565 ,119.9556 ,Summer,West
7_5,31.2729 ,120.0628 ,Summer,Center
7_6,31.2400 ,120.0985 ,Summer,Center
7_7,31.2424 ,120.1452 ,Summer,Center
7_8,31.2518 ,119.9625 ,Summer,West
7_9,31.0247 ,120.2055 ,Summer,South
8_1,31.2189 ,120.0820 ,Summer,Center
8_2,31.1931 ,120.1712 ,Summer,Center
8_3,31.1931 ,119.9569 ,Summer,West
8_4,31.0673 ,119.9956 ,Summer,South
8_6,31.1766 ,120.0834 ,Summer,Center
8_7,31.1766 ,120.1410 ,Summer,Center
8_8,31.1790 ,120.1658 ,Summer,Center
8_9,31.0532 ,120.0038 ,Summer,South
9_1,30.9661 ,120.1781 ,Summer,South
9_2,31.0743 ,120.0587 ,Summer,South
9_3,31.0438 ,120.0422 ,Summer,South
9_4,31.0202 ,120.0432 ,Summer,South
9_5,31.0602 ,120.0642 ,Summer,South
9_6,31.1590 ,120.1478 ,Summer,Center
9_7,31.0296 ,120.1739 ,Summer,South
9_8,31.2483 ,120.1314 ,Summer,Center
9_9,31.2741 ,120.0866 ,Summer,Center
A1_1,31.389,120.0353,April,North
A1_2,31.3984,120.0271,April,North
A1_3,31.4285,120.0387,April,North
A1_4,31.4523,120.0463,April,North
A1_5,31.4336,120.0655,April,North
A1_6,31.3914,120.1067,April,North
A1_7,31.4125,120.1452,April,North
A1_8,31.4337,120.1402,April,North
A10_1,31.0426,120.1053,April,South
A10_2,31.2201,120.0551,April,Center
A10_3,31.2412,120.0357,April,West
A10_4,31.2295,119.9575,April,West
A10_5,31.253,120.0063,April,Center
A10_6,31.2201,120.0365,April,Center
A10_7,31.3908,120.109,April,North
A10_8,31.1613,120.1354,April,Center
A10_9,31.1684,120.1312,April,Center
A11_3,31.066,120.1024,April,South
A11_4,30.9555,120.1327,April,South
A11_8,31.0426,120.0614,April,South
A12_1,31.1226,120.0998,April,Center
A12_2,31.0308,120.1465,April,South
A12_3,30.9578,120.1795,April,South
A12_4,30.9861,120.138,April,South
A12_5,30.9602,120.15731,April,South
A12_6,31.0578,120.1356,April,South
A12_7,31.1496,120.123003,April,Center
A12_8,31.0955,120.1106,April,South
A2_1,31.5039,120.1589,April,North
A2_2,31.375,120.1781,April,North
A2_3,31.4125,120.1863,April,North
A2_4,31.4336,120.1699,April,North
A2_5,31.4756,120.2189,April,North
A2_6,31.5249,120.1836,April,North
A2_7,31.5062,120.1891,April,North
A2_8,31.3562,120.1715,April,North
A3_1,31.4148,120.1483,April,North
A3_10,31.2353,119.9159,April,West
A3_2,31.4312,120.063173,April,North
A3_3,31.4471,120.0792,April,North
A3_4,31.1484,119.9653,April,West
A3_5,31.1766,119.9818,April,West
A3_6,31.1747,119.9293,April,West
A3_7,31.1625,119.9351,April,West
A3_8,31.1954,119.9433,April,West
A4_1,31.2823,120.0724,April,Center
A4_10,31.2283,119.9351,April,West
A4_2,31.2471,119.9378,April,West
A4_3,31.3222,120.1163,April,North
A4_4,31.294,120.119,April,Center
A4_5,31.2565,119.9159,April,West
A4_6,31.3105,120.1684,April,North
A4_7,31.301,120.113,April,North
A4_8,31.294,120.0511,April,Center
A4_9,31.2893,120.1712,April,Center
A5_1,31.2471,119.979,April,West
A5_2,31.2283,119.9653,April,West
A5_3,31.0304,120.0803,April,South
A5_4,31.2001,119.9872,April,West
A5_5,31.0238,120.0746,April,South
A5_6,31.0238,120.0746,April,South
A5_7,31.2635,120.0092,April,Center
A5_8,31.0304,120.0726,April,South
A5_9,31.3105,120.0367,April,North
A6_1,31.2565,120.0559,April,Center
A6_2,31.2518,120.119,April,Center
A6_3,31.2494,120.1849,April,Center
A6_4,31.2987,119.9845,April,North
A6_5,31.2377,120.0182,April,West
A6_6,31.3175,119.9845,April,North
A6_7,31.3199,119.9516,April,North
A6_8,31.2001,120.0559,April,West
A6_9,31.186,120.1163,April,Center
A6_91,31.3583,120.0824,April,North
A7_1,31.186,120.1547,April,Center
A7_2,31.179,120.0586,April,Center
A7_3,31.1719,120.152,April,Center
A7_4,31.1672,120.0147,April,Center
A7_5,31.1705,120.0669,April,Center
A7_6,31.1578,120.152,April,Center
A7_7,31.1414,119.9927,April,West
A7_8,31.1531,120.0476,April,Center
A7_9,31.1508,120.1108,April,Center
A8_1,31.1202,120.0449,April,South
A8_2,31.0273,120.1741,April,South
A8_3,31.0439,120.0294,April,South
A8_4,31.0708,120.0367,April,South
A8_5,31.052,120.0147,April,South
A8_6,31.0308,120.0833,April,South
A8_7,31.0473,120.0394,April,South
A8_8,31.4492,120.0463,April,North
A8_9,30.9488,120.1437,April,South
A9_1,31.052,120.0751,April,South
A9_2,31.3501,120.0521,April,North
A9_3,30.9437,120.1712,April,South
A9_4,31.0143,120.06361,April,South
A9_5,31.2412,119.988,April,West
A9_6,31.0238,120.0339,April,South
Z_1,31.1801 ,119.9721 ,Summer,West
Z_10,31.3116 ,119.9955 ,Summer,North
Z_11,31.3974 ,120.0416 ,Summer,North
Z_12,31.2647 ,120.0271 ,Summer,Center
Z_13,31.2835 ,120.0436 ,Summer,West
Z_14,30.9708 ,120.1712 ,Summer,South
Z_15,31.4383 ,120.1844 ,Summer,North
Z_17,31.3890 ,120.1663 ,Summer,North
Z_18,31.3421 ,120.1443 ,Summer,North
Z_19,31.1508 ,120.1315 ,Summer,Center
Z_21,31.3163 ,120.0436 ,Summer,North
Z_22,30.9566 ,120.1561 ,Summer,South
Z_23,30.96105 ,120.1322 ,Summer,South
Z_24,30.9708 , 120.1959,Summer,South
Z_4,31.0037 ,120.1849 ,Summer,South
Z_5,31.1860 , 119.9831,Summer,West
Z_6,31.1390 ,120.0436 ,Summer,Center
Z_8,31.1420 ,120.1068 ,Summer,Center
Z_A1,31.2964,119.9406,April,West
Z_A10,30.9437,120.1685,April,South
Z_A11,31.3752,120.0968,April,North
Z_A12,31.2187,120.1879,April,Center
Z_A13,31.3773,120.0349,April,North
Z_A14,31.375,120.105,April,North
Z_A15,31.3398,120.0818,April,North
Z_A16,31.3374,120.0009,April,North
Z_A2,31.1343,120.1355,April,Center
Z_A23,31.2494,119.957,April,West
Z_A24,31.1768,120.0601,April,Center
Z_A3,30.9769,120.15621,April,South
Z_A4,30.9992,120.1095,April,South
Z_A5,30.949818,120.1452,April,South
Z_A6,31.1367,120.1684,April,Center
Z_A7,30.9823,120.1343,April,South
Z_A8,31.0214,120.1218,April,South
Z_A9,31.2565,119.9214,April,West
